"band.point","fluorescence"
31,47.453101504991
53,46.613611191177
75,43.5248127826225
87,42.8477448165194
106,43.5325145656733
117,42.2404204342723
149,41.1678181091401
167,40.901366131154
177,40.5005097424301
196,47.4275724229604
201,47.3485531737293
226,41.5168281329981
255,40.1480111646507
280,41.5828195263161
289,41.8834521130532
303,41.3490649606886
323,64.4056120704211
366,40.7745072061782
380,40.4759329243742
412,48.5191122002382
