"band.point","fluorescence"
11,45.8398597174035
28,46.2937614275444
53,52.0054620787135
68,58.9664819429025
116,60.5053357043578
137,44.767291111893
175,49.5702281211599
202,84.446662074392
246,43.3098898793173
256,44.5098866551207
282,50.4285340337091
322,119.236981637728
339,119.466041782684
392,38.7477803466322
401,38.6479359003049
418,38.9322480643934
